text,emotion
Ako....Ako.... Ako talaga ang paborito niya.,1
Natatakot silang muling abutin ng bagyo.,1
Takot ang lahat ng jeep at kotse sa kaniya.,1
Ang bilis-bilis ng takbo ni Kas kaya takot na takot ang mga pasahero.,1
Ayan na! Ayan na si Kaskasero!,1
Unahan ang lahat sa pagtakbo para iwasan ang bus na barumbado.,1
"Pagbaba ng mga pasahero, nerbiyos na nerbiyos sila.Para! Para-a-a-a! sabi nila.",1
... dahil natatakot siya sa lahat.,1
Takot siya sa mga eroplano…. at tren …,1
Takot siya sa mga batang lalaki … ,1
"Huwag na, sigaw ni Stanley. ""Huwag nyong palapitin sa kin yan!""",1
"Paano kung ang bahay ay pinagmumultuhan? ""sabi ni Stanley.",1
Nanginginig siya.,1
Duwag na Pusa!,1
"Ngayong nag-iisa si Stanley, nakaramdam siya ng takot.",1
"S...s....siguro dapat ay sumama na lang ako sa kanila, naisip niya.",1
A ... a .... ano yun? pagtataka niya.,1
Nagtatakbo paakyat si Puti sa hagdan.,1
Parating na para kunin tayo!,1
Multo!,1
"Minsan nakakatakot, ",1
"""Takot na takot ang mga batang maya, pero lipad lang sila nang lipad hanggang sa nakarating sila sa isang malaking puno.""",1
"""Tatay! Nanay! takot na yakap niya sa kaniyang mga magulang.""",1
Mabilis na tumakbo palabas ng palasyo si Maria.,1
sagot ni Pagong kahit nanginginig,1
"""Ayokong pakasal sa prinsesa! Ayokong pakasal sa prinsesa!"" sigaw ni Pilandok.",1
"Ano po ang hindi ninyo gusto sa kanin, Mahal na Hari? takot na muling tanong ng kusinera.",1
"""Unggoy, unggoy!"" sigaw ni Juan. ""Kakainin ako ng buwaya na ito!""",1
"""Sinugod ng mga lobo ang aking mga tupa!""",1
Natatakot siya sa mga palaka.,1
Takot siya sa mataas na lugar.,1
Takot siya sa mga batang lalaki.,1
Takot siya sa mga eroplano at tren.,1
"Ngayong nag-iisa si Stanley, nakaramdam siya ng takot.",1
"""Totoong sinugod ng mga lobo ang aking mga tupa! Saklolo!""",1
Ano kaya ang nangyari kay Nanay?,1
Baka nasiraan ng sasakyan si Nanay!,1
"Siguro, napagod na siya sa pagsundo sa akin araw-araw.",1
Hindi ako makahinga.,1
Takot ang lahat ng jeep at kotse sa kaniya.,1
Ang bilis-bilis ng takbo ni Kas kaya takot na takot ang mga pasahero.,1
"Pagbaba ng mga pasahero, nerbiyos na nerbiyos sila.",1
"Matagal na hindi umulan, at natuyo ang lupa.",1
"Namatay ang mga halaman at punongkahoy, at nawala ang mga hayop at ibon.",1
Namatay ang mga isda sa natuyong batis.,1
Natatakot silang muling abutin ng bagyo.,1
Si Ching ay takot sa dilim.,1
Biglang dilim! Namatay lahat ng ilaw!,1
"“Nang magdeklara ng Batas Militar, iniwan ko ang bahay ko, natatakot sa magiging kapalaran ko.”",1
Doon ko unang nasaksihan ang lagim at pinsalang dulot ng giyera.,1
"At sa sumunod na limang taon, tanging ang giyera ang nakapuno sa aking isipan.",1
"Noong 1941, pumutok ang Ikalawang Digmaang Pandaigdig.",1
Binomba ng mga Hapon ang istasyon namin sa Pearl Harbor.,1
Kataka-takang nagkaroon din ng epidemya ng pagkabaliw at pagpapatiwakal.,1
"At sa lahat ng ito, walang humpay ang pag-alulong ng hangin sa buong bayan.",1
"Nakapangingilabot, animo may ibinabadyang masamang pangitain.",1
"""Nangilabot ang mga tao sa narinig.""",1
"""Nang palabas na ng palasyo, takot na takot na bumubulong sa sarili ang tila namatandang barbero:""",1
"""Lahat ay takot sa kaniya.""",1
"""“Takot akong madaplisan siya ng gunting kung bigla siyang maglilikot sa silya.”""",1
"""Malulunod ako!""",1
Nanginginig na bulong ni Ching habang nakaupo sa dilim.,1
"""Ayan na, ayan na.…."" nanginginig na bulong ni Ching habang nakaupo sa dilim.",1
Takot na takot si Ching! Napakadilim!,1
Tinatakot kasi siya ng mga pinsan niya.,1
"Sabi nila, sa dilim lumilitaw ang mga maligno, mga multo, at iba pang nakatatakot na nilalang.",1
"""Huwag kang lalabas ng bahay, Ching, baka kunin ka ng tikbalang!"" pananakot sa kaniya ni Kuya Jon.",1
Lalong nagsisigaw ang prinsesa!,1
Takut na takot kay Poknoy Palaka!,1
Takot na takot si Chonggi habang hinihintay na mawala ang wild werewolf.,1
“Hala! Bakit mo ginawa iyon? Masama ‘yon!,1
"""Takot na takot ang mga batang maya, pero lipad lang sila nang lipad hanggang sa nakarating sila sa isang malaking puno.""",1
"""Nakatulog na lang si Mutya sa lilim ng pakpak ni Nanay Sol, takot at pagod na pagod.""",1
"Pagdating namin doon, aming nakita ang apat na lalaking nang-bully kay Lala at isang ahas na nasa damuhan.",1
"kailangan tayong lumikas! Nasusunog ang buong palayan!""",1
"""Kitang-kita ni Mutya ang malaking apoy at makapal na usok na papalapit sa kanilang pugad!""",1
"""Tatay! Nanay! takot na yakap niya sa kaniyang mga magulang.""",1
"""Bago maggabi ay nag-rides kami ng nakakatakot para lang mabuhay ang aming dugo.""",1
Kinabahan ako.,1
"Nang ideklara ang Batas Militar sa Pilipinas, napuno ng takot at pangamba ang buong bansa, lalo na sa kanayunan.",1
Natatakot ako sa dilim ng gabi.,1
Hindi ko kayang pumasok sa bahay kapag walang ilaw.,1
Kinakabahan ako sa mga anino sa sulok ng kuwarto.,1
Takot akong tumawid sa kalsada nang walang tawiran.,1
Natatakot ako sa mga kwento ng multo sa lumang bahay.,1
Hindi ko kayang mag-isa sa madilim na gubat.,1
Nakakatakot ang mga huni ng mga ibon sa gitna ng gabi.,1
Nangangamba ako sa mga bagyong dumarating.,1
Bawat malakas na kulog ay nagpapalakas ng takot ko.,1
Hindi ko kayang panoorin ang mga pelikula ng horror mag-isa.,1
Napaparanoid ako kapag may kakaibang tunog sa bahay.,1
Nakakatakot ang mga kwento tungkol sa mga aswang.,1
Takot akong makita ang sarili kong anino sa salamin.,1
Natatakot ako sa posibilidad ng aksidente sa bundok.,1
Bawat pagkislap ng ilaw ay nagpapalakas ng takot ko.,1
Nangangamba ako sa mga multong bumabalik mula sa libingan.,1
Kinakabahan ako kapag nalalaman kong may nakasunod sa akin.,1
Natatakot ako sa mga kaluskos sa ilalim ng kama.,1
Hindi ko kayang manood ng mga pelikulang may mga multo.,1
Takot akong makarinig ng boses na hindi kilala sa bahay.,1
Bawat malakas na hangin ay nagpapalakas ng kaba ko.,1
Nangangamba ako sa mga kwento tungkol sa mga tauhang aswang.,1
Natatakot ako sa mga multong bumabalik upang maghiganti.,1
Kinakabahan ako sa dilim ng kuwarto kapag nag-iisa.,1
Takot akong makita ang mga mata sa dilim ng kweba.,1
Hindi ko kayang lumabas ng bahay kapag walang kasama.,1
Napaparanoid ako sa mga anino sa gilid ng daan.,1
Nakakatakot ang mga kwento tungkol sa mga kumakalat na sakit.,1
Bawat tunog ng kaluskos sa dingding ay nagpapalakas ng takot ko.,1
Natatakot ako sa mga kwento tungkol sa mga tao na nawawala sa gubat.,1
Kinakabahan ako sa mga multong lumalabas sa kulungan.,1
Takot akong mawalan ng kuryente sa gitna ng malakas na bagyo.,1
Nangangamba ako kapag may biglang kumalabog sa pinto.,1
Hindi ko kayang tumingin sa labas ng bintana kapag madilim na gabi.,1
Napaparanoid ako kapag tumutunog ang telepono nang hindi inaasahan.,1
Nakakatakot ang mga kwento tungkol sa mga aswang na kumakain ng tao.,1
Bawat hindi maipaliwanag na bagay ay nagpapalakas ng takot ko.,1
Natatakot ako sa mga multong umaaligid sa sementeryo.,1
Kinakabahan ako kapag naririnig ko ang kaluskos ng dahon sa gubat.,1
Takot akong makita ang multong kumakalat sa gabi.,1
Nangangamba ako sa posibilidad ng lindol sa gitna ng gabi.,1
Hindi ko kayang pumasok sa abandoned na gusali mag-isa.,1
Napaparanoid ako kapag naririnig ko ang mga buntong-hininga sa ilalim ng kama.,1
Nakakatakot ang mga kwento tungkol sa mga multong naghahanap ng katarungan.,1
Bawat dilim na pumapasok sa bahay ay nagpapalakas ng takot ko.,1
Natatakot ako sa mga multong umaaligid sa simbahan.,1
Kinakabahan ako kapag naririnig ko ang mga kwento tungkol sa mga nawawalang bata.,1
Takot akong tumawid sa tulay kapag malakas ang agos ng ilog.,1
Nangangamba ako sa mga kwento tungkol sa mga multong kumakalat sa gabi.,1
Hindi ko kayang panoorin ang mga balita tungkol sa mga krimen sa gabi.,1
Nakakatakot ang mga kuwentong may multo sa lumang tahanan.,1
Takot akong makita ang anino sa dilim ng silid.,1
Nangangamba ako sa mga bagyong may dalang pinsala.,1
Hindi ko kayang lumabas ng bahay nang mag-isa.,1
Natatakot ako sa mga multong kumakalat sa gabi.,1
Kinakabahan ako sa mga kwento ng aswang sa probinsiya.,1
Napaparanoid ako kapag may kakaibang tunog sa gabi.,1
Takot akong pumasok sa madilim na kweba.,1
Nangangamba ako sa mga multong bumabalik mula sa kabilang buhay.,1
Bawat kilos ng hangin ay nagpapalakas ng takot ko.,1
Natatakot ako sa mga kuwentong may mga nawawalang tao.,1
Kinakabahan ako sa mga anino sa ilalim ng kama.,1
Hindi ko kayang mag-isa sa tuktok ng bundok.,1
Takot akong makita ang multo sa lumang simbahan.,1
Napaparanoid ako sa mga huni ng mga kuliglig sa gabi.,1
Nangangamba ako sa mga multong naglalakad sa sementeryo.,1
Hindi ko kayang tumingin sa labas ng bintana sa gabi.,1
Natatakot ako sa mga kwento ng mga kriminal sa paligid.,1
Kinakabahan ako sa mga multong naghahanap ng katarungan.,1
Takot akong pumasok sa abaondonadong gusali.,1
Nangangamba ako sa mga boses na biglang sumisingit sa isip ko.,1
Hindi ko kayang makarinig ng kwento tungkol sa multo.,1
Natatakot ako sa mga multong lumalabas sa telebisyon.,1
Kinakabahan ako sa mga kwento ng mga aswang.,1
Takot akong makita ang sarili kong anino sa dilim.,1
Nangangamba ako sa mga kahindik-hindik na eksena sa pelikula.,1
Hindi ko kayang tumawid sa kalsada nang mag-isa.,1
Natatakot ako sa mga kwento ng mga bangungot.,1
Kinakabahan ako kapag biglang namamatay ang ilaw.,1
Takot akong makita ang multong nagpaparamdam sa gabi.,1
Nangangamba ako sa mga banta ng mga mandurukot.,1
Hindi ko kayang magsalita kapag mayroong kakaibang presensiya.,1
Natatakot ako sa mga kwento ng mga masasamang espiritu.,1
Kinakabahan ako sa mga multong nagpaparamdam sa dilim.,1
Takot akong makita ang multo sa likod ng salamin.,1
Nangangamba ako sa mga kuwentong may mga aswang.,1
Hindi ko kayang mag-isa sa madilim na gubat.,1
Natatakot ako sa mga multong umaaligid sa kastilyo.,1
Kinakabahan ako sa mga multong may hindi tapos na misyon.,1
Takot akong makarinig ng tawag ng multo sa gabi.,1
Nangangamba ako sa mga kuwentong may mga kulam.,1
Hindi ko kayang mapanood ang mga palabas tungkol sa mga espiritu.,1
Natatakot ako sa mga multong kumakalat sa mga kweba.,1
Kinakabahan ako sa mga kuwentong may mga nawawalang bata.,1
Takot akong makita ang multong kumakalat sa sementeryo.,1
Nangangamba ako sa mga kwento ng mga maligno.,1
Hindi ko kayang mag-isa sa mga lugar na misteryoso.,1
Natatakot ako sa mga multong may hindi payapang kaluluwa.,1
Kinakabahan ako sa mga balita tungkol sa mga krimen.,1
Takot akong makita ang multong kumakalat sa mga palengke.,1
Sigaw ko sa takot habang tumatakbo palayo.,1
Nakaramdam ako ng malamig na pagkatakot sa aking balat.,1
Hindi ko matanggap ang nakakatakot na katotohanan.,1
Bumabalot sa akin ang malalang takot sa madilim na sulok.,1
Kinakabahan ako sa anumang maaaring mangyari.,1
"Nagigising ako sa gitna ng gabi, puno ng kaba.",1
Laging may takot sa aking puso tuwing nag-iisa.,1
Nagagalit ang aking puso sa sobrang takot.,1
Hinahabol ako ng takot sa bawat hakbang ko.,1
"Nagkukubli ako sa aking kwarto, takot sa labas.",1
"Nauuhaw ako sa liwanag, takot sa kadiliman.",1
Sumisigaw ang bawat bahagi ng aking pagkatao sa takot.,1
Laging may malalim na pangamba sa aking isipan.,1
Nakukulong ako sa sarili kong mundo ng takot.,1
Nagbabanta sa akin ang multo ng nakaraan ko.,1
Nahihirapan akong umahon sa takot na bumabayo.,1
Bawat saglit ay puno ng kaba at pangamba.,1
"Nakapikit ako, takot sa anumang pwedeng dumating.",1
Nagbabantang sumabog ang puso ko sa takot.,1
Naiipit ako sa aking sariling takot at pangamba.,1
Ayaw ko si Kaliwa. Sana'y di ko na siya makita.,2
"Kahit ilang ulit siyang pagsabihan, talagang matigas ang ulo.",2
"Ako ang hari ng kalsada, lagi niyang sinasabi.",2
Gagawin ko ang lahat ng gusto ko.,2
Walang pinakikinggan si Kas.,2
"Sa loob-loob niya: ""'Yan ang mabuti sa pakialamero.""",2
"Salbahe talaga si Kaskasero!",2
Siya ay bus na walang modo.,2
"""Ako ang hari ng kalsada,"" ang katwiran niya.",2
Magagawa ko kahit anong gusto ko!,2
"Ako ang hari ng kalsada!, sabi niya, saka bumusina nang umusina.",2
Dito! sabi ni Puti.,2
Halika na!,2
"""Kaybagal mo na, bulag ka pa,"" sabi ni Matsing.",2
"""Bakit naman? Ako muna dahil maliit naman ako,"" sabi ni Pagong.",2
"""Hindi maaari! Ako ang nakakita kaya ako ang 'unang pipili!"" sabi ni Matsing.",2
"""Tuso man ang matsing, napaglalamangan din!"" sabi ni Pagong.",2
Mabilis na tumakbo si Pikpakbum at tinangay ang kapirasong karne.,2
Pinalayas ng mga dayuhan si Haring Lang-ao at kinamkam ng mga ito ang lahat ng kanyang ari-arian at kayamanan.,2
"""Bakit callos ang ulam? Hindi ako kumakain ng callos, alam mo 'yan. Nawalan na ako ng gana! Hindi na ako kakain!"" Itinapon niya ang pagkaing nakahain sa mesa.",2
"Sa hindi maintindihang pakiramdam, umusbong ang galit sa dibdib ni Senyang Kusinera.",2
"""Sumosobra na kayo... Hindi n'yo ba alam na importante sa akin ang bawat pagkaing itinatapon ninyo sa hapag-kainan?",2
"""Masyado kayong pihikan at maselan sa pagkain. Dapat ay kainin ninyo ang kung ano man ang ihanda sa inyo. Mula ngayon, kakainin ninyo ang lahat ng pagkain na ihahain ko!""",2
"""Dapat ay maparusahan kayo ni Bathala at ng lahat ng mga Diyos at Diyosa sa inyong maling pag-uugali.""",2
"""Ang kanin! Hindi masarap ang kanin na ito!""",2
"Itong gulay naman, walang lasa! At itong litson, bakit hindi malutong?",2
"Hindi ko makakain ang mga ito! NawaIan na ako ng gana!"" Galit na itinapon ng hari ang mga pagkaing nakahain sa mesa.",2
"""Hindi ko makakain ito! Malabsa! At ang sinigang na niluto mo, kulang sa asim!",2
Mula sa bintana ay nasaksihan ni Haring Lang-ao ang labanan ng kanyang mga kawal at ng mga dayuhan,2
"""Ilang beses ko bang sasabihin sa iyo na ayokong inuulit ang pagkain? Ito ang ulam kaninang tanghali!",2
"At ngayong hapunan, ito pa rin? Hindi ba't iyan ang bilin ko sa iyo lagi? Huwag na huwag kang nag-uulit ng pagkain!"" galit na sabi niya sa kusinera.",2
"""Wala akong pakialam!"" Pagkasabi niyon ay itinapon ng hari ang pagkain. ",2
"""Napagalitan naman ako ni Teacher. Hindi na raw kasi niya mabasa.""",2
"""Ang mga tao ay walang utang na loob, kaya bakit kailangan mo rin? Sige at kainin mo siya, buwaya,"" sabi ng sombrero.",2
"Pero nang naluma na ako, itinapon niya ako sa ilog.""",2
"""Hindi iyon makatarungan!"" sigaw ni Juan. ""Hindi mo ako puwedeng kainin. Niligtas ko ang buhay mo.""",2
 May sumibol na hinanakit sa dibdib ni Alunsina. ,2
"""Sawa na ako sa pagtanaw sa iyong araw, planeta at bituin. Sawa na ako sa pagiging taga-panood lamang. Ako man ay may angking galing.""",2
Galit na umalis na lamang ang mga magsasaka.,2
"Kahit ilang ulit siyang pagsabihan, talagang matigas ang ulo.",2
Walang pinakikinggan si Kas.,2
"""Pagkalipas ng ilang buwan, hindi na pinapakain ni Filix ang kaniyang mga alagang hayop.""",2
"""Pero bago niya pa sabihin, nakita niya na may nang-aapi na aso sa mga pusa.""",2
"Ang ingay!"" sigaw ng lola ko.",2
“Ang pinakatahimik at kimi ay agad nagagalit at handang makipag-away dahil lang sa pinakamaliliit na bagay.,2
"""Araw-araw na lang nagbabangayan sina Melo at Lucing tungkol sa mga nasisira sa mahal nilang mga hardin, nagtatalo tungkol sa mga napisat na pakô, nginatngat na dahon, tinaob na paso, at binunot na halaman.""",2
"""Kaya’t sinira nila ang pinto at nagpumilit silang pumasok.""",2
"""Gigil na gigil na siyang ipagsigawan sa lahat ang nakita niya.""",2
"""“Ang pasya ng hari, ‘di dapat mabali! Hulihin! Parusahan! Agad-agad, dali-dali… Ang sinomang magsabi na 'May sungay ang hari?'""",2
"Kung hindi… makikita mo!”""",2
"""Ang lumabag sa kaniyang utos, tiyak na makatitikim ng mabagsik na parusa.""",2
"""Sinasamsam niya ang mga lupain, negosyo, at ari-arian.""",2
"""Sinisigawan ng Meyor ang mga guwardiya para hulihin si Carl at itapon sa bilangguan, ngunit—""",2
"""Sa isang malayong bayan, namumuno ang isang haring malupit at gahaman.""",2
"Magkagalit ang kanilang mga tatay.""",2
"""Nagsimula ang alitan nang bakuran ng ama ni Boyet ang lupa.""",2
"""Mula noon, di na nag-usap ang mga tatay ni Boyet at ni Niño.""",2
"""Ayokong makitang nagpupunta ka sa bahay na-kahoy,"" sabi ng tatay ni Niño.""",2
"""Huwag na huwag ka nang pupunta sa bahay na-bato,"" sabi ng tatay ni Boyet.""",2
Marami namang kagalit si Pikpakbum.,2
"""Nasaan ang Pilandok na iyan?"" galit na galit na tanong ng Datu nang magkamalay-tao.",2
"""Itapon sa dagat ang manlolokong iyan!"" utos pa ni Datu Usman.",2
"""Dakpin ngayon din si Pilandok!"" utos ni Datu Usman sa mga kawal.",2
Agad nitong ipinahuli si Pilandok sa mga kawal.,2
"“Pagbabayaran mo ang ginawa mo sa akin!"" galit na galit na sabi ng Datu sa binata.",2
"""Sino ka?!? mabagsik na sigaw ng datu.",2
"""Kawal, palayasin ang pulubing ito!""",2
"""Baliw ka ba? Paano ako magkakaginto sa alaga mong payat na manok?""",2
Umiral ang kasakiman ng datu at pumayag sa mga hiling ni Pilandok.,2
 at galit na galit siya kay Datu Usman.,2
"""Dahil sa ginawa mo,"" sabi ni Matsing, ""tatadtarin kita nang pinong-pino.""",2
Sakim at malupit si Datu Usman.,2
Inaangkin niya ang lahat ng maibigan.,2
Inaangkin niya kahit ang ari-arian ng mga kawawa niyang sakop.,2
Mabagsik siyang magparusa sa sinumang tumutol at ayaw sumunod.,2
"Sinamsam nila ang mga suklay, hikaw, singsing, at iba pang alahas na may ginto.",2
Sinamsam nila ang mga kasangkapan ng taumbayan na yari sa ginto.,2
At ibinilanggo nila ang maraming mahihirap dahil walang maibigay na ginto.,2
"Lahat ng hawakan ni Matsing ay may tinik! ""Salbahe ka, Pagong! Magbabayad ka!""",2
Nagalit si Pagong sa sagot ni Matsing.,2
Nag-asawa muli ang kanyang ama at napakasungit ng kaniyang Tiya Justa.,2
Hinimatay din sa sama ng loob at malaking inggit sina Juanita at Jovita.,2
"""Hindi mo dapat tinatakot ang iyong kapatid,"" ang sabi ng hari sa kawal.",2
Galit nitong pinatigil ang lahat sa paghahabulan.,2
Galit na galit si Herodes pero di siya nagpahalata.,2
"Pag nalaman niya kung nasaan ang sanggol, ipapatay niya ang sinasabing Hari ng mga Hari.",2
Galit na galit si Herodes nang hindi magbalik sa kanya ang tatlo.,2
Iniutos niyang patayin ang lahat ng sanggol.,2
“Nakaka stress naman! OMG!”,2
"Haaay, naku! Hanggang kailan kaya ito?”",2
"""“Ang pangit mong aso! Umalis ka rito!”"" ",2
"""Nilapitan ko si Lala at sinigawan ang mga lalaki."" ",2
"""“Huwag niyong saktan ang aso ko! “"" ",2
Naiinis ako sa kapalpakan ng sistema.,2
Nakakagalit ang walang pakundangang kasinungalingan.,2
Nakakapoot ang sobrang kapal ng mukha ng ilang tao.,2
Nakakainis ang paulit-ulit na pagkabigo.,2
Naiinis ako sa kapabayaan ng mga taong dapat magsilbi.,2
Nakakagalit ang kawalang-galang sa kapwa.,2
Nakakapoot ang pag-abuso sa kapangyarihan.,2
Nakakainis ang paulit-ulit na kapalpakan ng sistema.,2
Galit ako sa kawalang-katarungan sa lipunan.,2
Nakakabwisit ang mga taong walang disiplina sa daan.,2
Inis na inis ako sa mga taong palaging late.,2
Nakakagalit ang hindi paggalang sa privacy ng ibang tao.,2
Nakakapikon ang walang pakundangang pang-aabuso sa kapangyarihan.,2
Galit ako sa mga taong walang respeto sa kapwa.,2
Nakakainis ang hindi pagtupad sa mga pangako.,2
Inis na inis ako sa mga nagpapalabas ng sobrang ingay sa gabi.,2
Nakakagalit ang pagiging walanghiya ng ilang tao.,2
Nakakainis ang mga pasaway na drayber sa kalsada.,2
Galit ako sa mga taong walang pakialam sa kalikasan.,2
Nakakabwisit ang mga taong walang modo sa pampublikong lugar.,2
Inis na inis ako sa mga taong puro reklamo pero walang aksyon.,2
Nakakagalit ang panloloko ng ilang pulitiko.,2
Nakakainis ang hindi pagpansin sa mga batas trapiko.,2
Galit ako sa mga taong nanlalamang ng kapwa para sa sariling interes.,2
Nakakabwisit ang mga taong hindi marunong rumespeto sa opinyon ng iba.,2
Inis na inis ako sa mga walang disiplina sa loob ng sinehan.,2
Nakakagalit ang mga taong walang pakialam sa kaligtasan ng iba.,2
Nakakainis ang mga taong walang respeto sa mga nakatatanda.,2
Galit ako sa mga taong mapanghusga sa iba base sa hitsura.,2
Nakakabwisit ang mga taong hindi marunong magtapon ng basura sa tamang lugar.,2
Inis na inis ako sa mga taong puro reklamo pero walang kontribusyon.,2
Nakakagalit ang kapalpakan ng gobyerno sa pagtugon sa krisis.,2
Nakakainis ang mga taong walang pakundangan sa paggamit ng plastik.,2
Galit ako sa mga taong hindi marunong magpahalaga sa edukasyon.,2
Nakakabwisit ang mga taong nagtatapon ng basura sa dagat.,2
Inis na inis ako sa mga taong walang awa sa mga nangangailangan.,2
Nakakagalit ang mga taong hindi marunong rumespeto sa ibang kultura.,2
Nakakainis ang mga taong nagpapakalat ng fake news.,2
Galit ako sa mga taong pumipili ng kalsada para gawing basurahan.,2
Nakakabwisit ang mga taong hindi marunong maghintay sa pila.,2
Inis na inis ako sa mga taong nanloloko ng kapwa para sa pansariling interes.,2
Nakakagalit ang mga taong walang pakialam sa panganib na dulot ng kanilang asal.,2
Nakakainis ang mga taong hindi marunong rumespeto sa pribadong espasyo ng iba.,2
Galit ako sa mga taong nagbibigay ng pangako na hindi nila natutupad.,2
Nakakabwisit ang mga taong walang pakialam sa mga taong nasa paligid nila.,2
Inis na inis ako sa mga taong walang pakundangang nagkakalat ng basura sa mga bundok.,2
Nakakagalit ang mga taong walang pakialam sa kapakanan ng mga hayop.,2
Nakakainis ang mga taong hindi marunong magbigay ng tamang respeto sa mga guro.,2
Galit ako sa mga taong nagsasagawa ng diskriminasyon sa mga miyembro ng LGBTQ+ community.,2
Nakakabwisit ang mga taong nagpapabaya sa kanilang mga responsibilidad.,2
Inis na inis ako sa mga taong nagmamaneho nang lasing.,2
Nakakagalit ang mga taong hindi marunong magbigay ng tamang pagpapahalaga sa trabaho ng iba.,2
Nakakainis ang mga taong puro reklamo pero walang ginagawa para sa pagbabago.,2
Galit ako sa mga taong mapanlinlang.,2
Nakakainis ang mga walang kwentang asal ng iba.,2
Puno ako ng poot sa kapalpakan ng gobyerno.,2
Nakakagalit ang sobrang kabastusan ng ilang tao.,2
Naiinis ako sa mga taong walang galang sa iba.,2
Galit ako sa kapalpakan ng sistema.,2
Nakakapikon ang walang katwiran nilang mga sagot.,2
Napipikon ako sa kabobohan ng ilang tao.,2
Nagagalit ako kapag inaagrabyado ang mga inosente.,2
"Naiinis ako sa mga taong puro salita lang, walang aksyon.",2
Galit ako sa kapalpakan ng pamahalaan.,2
Nakakapikon ang mga taong walang respeto sa ibang tao.,2
Napipikon ako sa mga taong walang pakialam sa kapakanan ng iba.,2
Nagagalit ako kapag pinipilit akong gawin ang hindi ko gusto.,2
Naiinis ako sa mga taong walang disiplina.,2
Galit ako kapag tinatapak-tapakan ang aking dignidad.,2
Nakakapikon ang mga taong walang utang na loob.,2
Napipikon ako sa kabobohan ng ilang mga pinuno.,2
Nagagalit ako kapag pinagdududahan ang aking integridad.,2
Naiinis ako sa mga taong walang respeto sa sarili.,2
Galit ako sa mga taong puro reklamo pero walang ginagawa.,2
Nakakapikon ang mga taong mapang-abuso.,2
Napipikon ako sa kabobohan ng ilang mga desisyon.,2
Nagagalit ako kapag pinagmamalaki ang kasakiman.,2
Naiinis ako sa mga taong nagpapakatanga para lang mapansin.,2
Galit ako sa mga taong puro kayabangan ang alam.,2
Nakakapikon ang mga taong walang malasakit sa iba.,2
Napipikon ako sa kawalan ng hustisya sa lipunan.,2
Nagagalit ako kapag walang pinanagot sa kanilang mga kasalanan.,2
Naiinis ako sa mga taong walang pakialam sa kapaligiran.,2
Galit ako sa mga taong walang paninindigan.,2
Nakakapikon ang mga taong walang alam kundi mang-api.,2
Napipikon ako sa kakapalan ng mukha ng mga mandaraya.,2
Nagagalit ako kapag inaapi ang mga mahihina.,2
Naiinis ako sa mga taong puro pansariling interes lang ang iniisip.,2
Galit ako sa mga taong walang pagpapahalaga sa edukasyon.,2
Nakakapikon ang mga taong walang respeto sa batas.,2
Napipikon ako sa kawalanghiyaan ng ilang tao.,2
Nagagalit ako kapag pinagmamalaki ang kanilang kabuktutan.,2
Naiinis ako sa mga taong walang pakundangan sa pagsira ng kalikasan.,2
Galit ako sa mga taong walang pagpapahalaga sa kasaysayan.,2
Nakakapikon ang mga taong walang konsiderasyon sa iba.,2
Napipikon ako sa kabobohan ng ilang mga lider.,2
Nagagalit ako kapag sinisira ang pangalan ng aking bansa.,2
Naiinis ako sa mga taong walang pananagutan sa kanilang mga gawa.,2
Galit ako sa mga taong walang pag-unawa sa iba.,2
Nakakapikon ang mga taong walang dignidad.,2
Napipikon ako sa kawalanghiyaan ng ilang mga tao.,2
Nagagalit ako kapag inaapi ang mga mahihirap.,2
Naiinis ako sa mga taong walang pakialam sa kaligtasan ng lahat.,2
Galit ako sa mga taong walang paggalang sa karapatan ng iba.,2
Nakakapikon ang mga taong walang pakundangan sa kalusugan ng iba.,2
Napipikon ako sa kawalanghiyaan ng ilang mga korporasyon.,2
Nagagalit ako kapag pinapabayaan ang mga nangangailangan.,2
Tuwang-tuwa ako.,3
Ang paborito kong kaliwang tsinelas!,3
Sa wakas ay magkasamang muli!,3
Napatalon si Carlo sa tuwa.,3
Masayang pinagmamasdan at nilalaro nina Anna at Abby ang mga alagang hamster.,3
"“Magandang hapon, Abby!”",3
"“Magandang umaga Anna, ito ay si Topaz, ang bago kong pusa.” sabi ni Abby.",3
“Mabuti!”,3
"Kami ang pag-asa ng tao, Danas.",3
"Bayuhin mo ang aming mga butil para maalis ang gintong balat, muling awit na masaya ng mga damo.",3
"May pagkain na tayo ngayon,"" tuwang-tuwang balita niya kay Banag.",3
"""“Lala, rito tayo sa slide!”"" ",3
"""“Masaya ako ngayon!” galak na sambit ni Andi.""",3
"""“Ang saya nga e, nakakatakot noong una pero masaya talaga siyang gawin.”""",3
"""“Sige! Ikwento mo naman sa amin ang mahiwagang tahanan!” sabik na wika ng dalawang kabigan ni Andi.""",3
"pero palaging nakakatuwa!""",3
"""Kadalasan ako ay isang superhero na tumutulong sa mga nakatira sa ibang universe! Ito ang paborito ko!""",3
"""Napangiti si Iya, “Ibig mong sabihin, araw-araw nag-iiba ang bahay ninyo?”""",3
"""Ang sikreto ng hiwaga ay pagmamahal, kasiyahan, at malawak na imagination!” masayang dagdag ni Andi.""",3
"ay, tahanan pala! He! He! He!”, wika ni Iya.""",3
"""Sa sobrang saya ng magkakaibigan sa paglalaro, hindi nila namalayang palubog na pala ang araw.""",3
"""Mayroong isang bata na masayahin.""",3
"""Kaya tulung-tulong tayo sa mga gawain para makapaghanda tayo nang maaga"", ang nakangiting paalala ni Nanay Laura.",3
"""Masarap sa pakiramdam ang makapagbakasyon sa magandang lugar kasama ang pamilya.""",3
Tuwang-tuwa si Poknoy Palaka.,3
Heto na ang pagkakataong hinihintay niya!,3
"Dahil ang mga langaw at iba pang insekto ay kanilang kinakain.""",3
Bilib na bilib ako kay Raquel.,3
Wiling wili ako sa pakikinig at pangangarap ng sinasabi niyang pambihirang daigdig.,3
Pasayaw-sayaw lang at patalon-talon.,3
"""Kaibigang Langgam, halika't maglaro,"" sabi ni Tipaklong na pabiro-biro.",3
"""Pupula ang balat ko at lalong gaganda"" ",3
"Pero pagbagsak sa tubig, biglang nagtawa si Pagong. ",3
"""Pagpunta ni Anna sa palaruan, nakasalubong niya si Abby. “Magandang hapon, Abby!”",3
 Mahaba ang buntot ni Lala at palaging kumakawag kapag masaya.,3
"""Pagkatapos ng isang linggo, sa wakas ay gumaling na ang mga sugat ni Lala."" ",3
Masaya ako ngayon!,3
"""“Ang saya nga e, nakakatakot noong una pero masaya talaga siyang gawin.”""",3
"""“Sige! Ikwento mo naman sa amin ang mahiwagang tahanan!” sabik na wika ng dalawang kabigan ni Andi.""",3
"""“Napangiti si Iya, “Ibig mong sabihin, araw-araw nag-iiba ang bahay ninyo?”""",3
"""Ito ay binubuo ng pagmamahalan ng lahat ng nakatira rito.""",3
"""“Sige! Ikwento mo naman sa amin ang mahiwagang tahanan!” sabik na wika ng dalawang kabigan ni Andi.""",3
"""“Napangiti si Iya, “Ibig mong sabihin, araw-araw nag-iiba ang bahay ninyo?”""",3
"""Ito ay binubuo ng pagmamahalan ng lahat ng nakatira rito.""",3
"""Pare-pareho kami na gusto ang masayang buhay na puno ng adventures.""",3
"""Malaki man o maliit ang bahay, ang mahalaga ay kung paano nagmamahalan ang mga nakatira rito,” paliwanag ni Andi.""",3
"""Ang sikreto ng hiwaga ay pagmamahal, kasiyahan, at malawak na imagination!” masayang dagdag ni Andi.""",3
"""“Pwede rin palang maging mahiwaga ang aming bahay... ay, tahanan pala! He! He! He!”, wika ni Iya.""",3
"""Ayan, mas masaya kapag mas madami!""",3
"""Sa sobrang saya ng magkakaibigan sa paglalaro, hindi nila namalayang palubog na pala ang araw.""",3
"""Ha! Ha! Ha! Ang saya ninyong kalaro. Maglaro ulit tayo bukas!""",3
"""Dahan-dahang nagpatalun-talon ang mag-anak at naghanap ng komportableng pugad sa malaking puno.""",3
"Parang ang saya n’yo naman, Iska at Mutya!",3
"Sige po, sasali po ako ulit! Ang saya-saya po ng mga ginawa natin,""",3
"""Kinabukasan, nagising si Mutya sa mga tawanan at masasayang boses na kanyang narinig sa isang pugad malapit sa kanyang tinulugan.""",3
"""Ang saya ng aming weekend dahil umikot kami sa buong Singapore.""",3
"""Lagi kaming may reunion at lagi rin kaming masaya.""",3
"""Natutuwa ang magulang ni Mila sa kanyang natutunan.""",3
"""Pagbalik niya sa bahay, masayang isinalaysay ni Mila sa kanyang mga magulang ang kanyang naranasan.""",3
"""Natutwa ako, ngayon lang ako nakapunta sa Hong Kong.""",3
"""“Lola, ang sarap ng adobong ginawa mo.”""",3
"I love you lola!”""",3
"Uuwi tayo sa Palawan!"", ang masayang bulalas ni Tatay Ador.""",3
"""“Yehey!!!"", ang sigaw ni Lira at ng nakababata niyang kapatid na si Lily.""",3
"""“Masarap sa pakiramdam ang makapagbakasyon sa magandang lugar kasama ang pamilya.""",3
"""“Nagliwanag ang kanyang mukha at sinabing “Pwede tayong magbahagi ng pagkain at Salita ng Diyos sa ating mga kapitbahay!”""""",3
Masaya kapag buo ang pamilya.,3
Naglaro kami roon na siyang ikinatuwa ng aking tatlong taong gulang na kapatid.,3
Sobrang saya ng pamilya namin.,3
Napakasarap ng pagkain!,3
"Napakasaya sa Sta. Cruz, Laguna!",3
"""Ito kaya ang mahiwagang antipara? Masayang pinaglaruan ni Gita ang napulot na antipara at may kasabikang sinuot ito.",3
"""Kailangan magamit ko ang hiwaga ng antipara,” sambit niya habang may pananabik na lumangoy sa ilalim ng dagat.",3
“Excited na akong lumabas at makipaglaro sa aking mga kaibigan.”,3
Nakakatuwa sila habang lumalaki.,3
"Sa pag-uwi namin ng kapatid ko galing sa eskuwelahan, tuwang-tuwa kami sa pagsalubong nila.",3
Mahal na mahal namin sila.,3
"Nang dumating ang dalawang pusa, tuwang-tuwa ang lola ko.",3
Masaya ako dahil magaling magluto si Mama.,3
Lagi siyang naroon kapag may selebrasyon.,3
"Sina Mama at Papa, the best talaga!",3
Mahal nila ako at mahal ko rin sila.,3
"Si Chovid po, tinutulungan niyang mag-ayos ng washing machine ang Tatay niya para raw po masaya ang mga magulang niya.",3
"Si Chiko naman, nag-aaral ng Filipino kasi dapat daw pong mahalin natin ang ating wika.",3
"“Thank you, sa pagtuturo. ",3
Titiisin niya para lang siya ay sumama at kami’y mapasaya.,3
"Kahit matanda na siya, siya ay lagi pa ring masaya.",3
Mahal na mahal niya rin ang mga halaman pati lahat ng hayop sa kagubatan.,3
Hindi na kami makapaghintay dahil matagal-tagal na rin kaming hindi nagkasama-sama ng aking mga pinsan.,3
"""Hindi na ako malulungkot,"" sigaw ni Bathala na tuwang-tuwa. ",3
Tuwang-tuwa ang mga tao sa ginawang himala ni Bathala.,3
"Katamtaman na ang init at lamig! Salamat, O Bathala!"" ",3
Tuwang-tuwa sila na makita ang Hari ng mga Hari.,3
Mababait ang mga kapwa-manok.,3
Mahal na kaibigang Kokok.,3
Iyon lang at masaya nang nagtatalon palayo si Poknoy Palaka.,3
Masaya siya dahil may magandang aral siyang natutunan.,3
"Nang lumabas ng ospital si Raquel, mapula na naman ang kaniyang pisngi, May ngiti na uli ang kaniyang labi.",3
"Hanggang ngayon, sa lahat ng aking mga pinsan, si Raquel pa rin ang aking hinahangaan.",3
Mahigpit na mahigpit na para bang hindi ko na siya pakakawalan pa.,3
"Nang tumapat ito sa araw, nakita ng lahat ang angking ganda ng sombrero!",3
"""Salamat po, Mang Lito!"" sabi ni Mia.",3
Kumalat na ang balita tungkol sa magaganda at matitibay na sapatos.,3
"""Kahanga-hanga ang pagkakagawa,"" sabi nito.",3
Naipagbili rin ni Donillo ang mga sapatos sa magandang presyo.,3
"""Napakaganda at walang kaparis ang mga sapatos mo,"" wika ng mamimili.",3
"""Maganda ang naisip mo,"" sabi ni Donillo",3
Nagsayawan sa tuwa ang dalawang dwende.,3
"""Nagustuhan n'yo ba?"" nakangiting tanong ni Jelina.",3
"""Salamat sa tulong ninyo sa amin,"" wika ni Donillo.",3
Niyakap ni Jelina ang mga ito.,3
Mula noon ay lalong naging popular ang pagawaan ng sapatos ni Donillo.,3
"Magaganda, matitibay at kakaiba kasi ang mga sapatos nito.",3
Naging popular din ang dalawang dwende na araw-araw ay iba ang isinusuot na damit dahil itinatahi sila ni Jelina.,3
Maraming masarap na pagkain sa aming bayan.,3
Upang may makain silang masarap na keso araw-araw.,3
"Paglanding sa buwan, agad siyang bumaba, sa paligid ng buwan ay masayang luminga-linga.",3
"""Totoo nga pala!"" sigaw niyang buong saya.",3
Araw-araw naman itong si Tipaklong ay pakanta-kanta at patalon-talon.,3
"""Ang sarap mag-aliw! Langgam, ang buhay mo ay huwag sayangin,"" sabi ni Tipaklong.",3
"Tuwang-tuwang kinain nina Tiya Justa, Juanita, at Jovita ang alimango.",3
"Dumalo sa palasyo ang mga tao para tingnan ang magandang asawa ng Prinsipe, ang magandang si Mariang Alimango.",3
"""Pakakasalan daw ng Prinsipe ang may-ari ng sapatos,"" nasasabik na sabi ng dalawang kapatid ni Maria.",3
Napalundag sa tuwa si Matsing.,3
"""Mas maganda ang nakuna ko. May dahon na kaya madaling mamumunga, sabi ni Matsing.",3
Lumaki ito nang lumaki hanggang mamunga. Masayang-masaya si Pagong. ,3
Nagtawa na lamang nang nagtawa si Matsing.,3
"""Dadami pa kami at lalong sasaya."" ",3
Naging magkaibigan na sila.,3
" Dahil naisahan na naman niya ang mga tao, tumawa nang tumawa ang batang pastol.",3
"""Minsan siyang nagkaroon ng kabigha-bighaning asawa na may ngiting tila banayad na sikat ng araw sa kaniyang mukha, at kung tumawa’y tila kuliling ng maliliit na kampanilya.""",3
"Masaya niyang pinagmasdan ang dalawang makulay na saranggola sa kalangitan.""",3
"""Aba, salamat ‘ka mo, Boyet!"" sabi ng Tatay ni Niño.""",3
"""Salamat ‘ka mo, Niño,"" sabi ng Tatay ni Boyet.""",3
"""Salamat, pinsan! Pa’no mo nalamang sira ang sasakyan ko?"" tanong ng tatay ni Niño.""",3
"""Salamat talaga, pinsan! Pa’no mo nalamang problema namin ang sasakyang magdadala ng mga gulay sa palengke?"" tanong ng tatay ni Boyet habang inilululan ang mga talbos, talong, kamatis, at kalabasa.""",3
"""“Napakahusay mo talaga, o Araw na kayliwanag!”""",3
"""Nagpasalamat si Inang Kalikasan sa mga mamamayang-dagat, at tinawag ang susunod sa pila.""",3
"""Ngumiti si Inang Kalikasan.""",3
"""Sumayaw ang reyna at ang mga bata.""",3
"""Ngumiti ang lahat, nagsipagtawanan, at sumali sa sayawan.""",3
"""Nagpatuloy ang kasiyahan, hanggang dumating na sa wakas ang buwan at mga bituin, at panahon na para mahimbing.""",3
"""“Tuwang-tuwa kaming masilayan sa kalangitan ang mga dambuhalang ibon!""",3
"""Nagtatatalón kami sa katuwaan dahil sa tanang búhay namin, noon lámang kami nakakíta ng ganoon kalalaking ibon.""",3
"""Bílang pasasalamat, ibinigay niya sa akin ang isang sombrerong pandigma.""",3
"""“Nang matapos ang giyera, maraming natuwa sa pag-alis ng mga Hapón.""",3
"""Abá, marami rin akong kuwento noong batà na tiyak na magugustuhan mo!” pangako ni Tatay.""",3
"""Gusto ko na agad na dumating ang Sabado at Linggo!""",3
"""Gusto kong makilala si Tatay noong batà siya.""",3
"""Gusto kong maláman ang kuwento ng San Rafael!""",3
"""At higit sa lahat, gusto kong dalawin ang mahal kong Lolo, si Lolo Juanito!""",3
"""“Pwedeng kumaway, Nanay! Pwede ring mag 'small heart,' nakangiting sagot ni Ella.""",3
"""Humanga si Mang Roberto sa husay ng kamay ni Lino sa bunso niya.""",3
"""Humalo sa masayang istoryahan ng matatanda ang masiglang kalatok ng gunting niya at halakhak ng mga palakuwentong bata.""",3
"""Naging masaya at malusog ang mga mamamayan ng Maaliwalas, higit pa siguro sa nararapat.""",3
"""Nagpasalamat ang mga tao kay Pedro sa pagbabahagi niya ng katotohanan.""",3
"""Aaliwin ni Brownie si Melo sa laro ng tapon-balik, at kakalong si Muning kay Lucing para maglambing.""",3
"""“Natutuwa ako sa mga ibon, pero huwag sana sa aking ulo.”""",3
"""Gustung-gusto man niya ang pagdalaw at pagkanta ng mga ibon, ginugulo ng mga ito ang kanyang buhok.""",3
"Sumagot si Pikpakbum, ""Kainin mo ang paa mo!"" At tumawa nang tumawa habang mabilis na tumatakbo.",3
Mahal na mahal ni Tiya Justa ang dalawa,3
"At sabihin man niyang ang buwan ay bato, ang tingin pa rin ng lahat, ito'y masarap na keso.",3
"""“Isa pa, maaari rin tayong mag-isip ng mga pwede nating gawin kahit nasa bahay na kapakipakinabang at masaya”""",3
Ako na talaga ang pinakasuwerte sa buong mundo!,3
"""Napatawa si Nanay. 'Alam mo bang ipinaglihi kita sa haluhalo?""",3
"""Oo, gustong-gusto ko ang haluhalong maraming gatas, masarap na makapuno, malutong na pinipig, at minatamis na saging.""",3
"""Kundi pati ang matamis na pagmamahalan nina Nanay at Tatay.'""",3
Natutuwa ako dahil may mahabang-mahabang-mahaba palang kuwento sa likod ng aking mahabang-mahabang- mahabang pangalan.',3
Sa kanyang diwa ay nakikita niyang maligayang kumakain sa harap ng hapag-kainan ang kanyang mga anak. ,3
"""Oh salamat."" sabi niya sa unggoy.",3
"""Iniligtas mo ang aking buhay at palagi akong magpapasalamat.""",3
Ngumiti lamang si Tungkung Langit saka yumukod kay Alunsina.,3
"Nag-aayos ng iyong buhok at nananatiling maganda."" ",3
Napasaya mo ang buo mong pamilya sa pamamagitan ng iyong pagmamahal at pagbahagi.,3
Napawi ang lungkot at luha ko at napalitan ng ginhawa't tuwa.,3
Laging may masarap na meryendang naghihintay sa amin.,3
Ang sarap!,3
"Haaay salamat, tapos na ang klase, puwede na kaming umuwi!",3
Nagtakbuhan kami para salubungin ang mga nanay at tatay namin sa labasan---Siguradong nandiyan na si Nanay!,3
"""Ang paborito kong kanang tsinelas!""",3
"""Sa wakas ay magkasamang muli!""",3
Napatalon si Carlo sa tuwa.,3
"Masarap na pagkain ang aming mga butil.""",3
"""May pagkain na tayo ngayon,"" tuwang-tuwang balita niya kay Banag.",3
"""Masarap na agahan at hapunan lagi ang alay ni Boyet at ni Niño sa karterong pusa!""",3
"""Salamat sa pusang walang kamalay-malay na naging kartero ng dalawang batang magpinsan na nagawang mapagbati ang kanilang magpinsan ding mga tatay!""",3
Ang galing!” ang masayang tugon ni Minda.,3
Maganda pala na maramdaman ng kapwa natin bata na sila ay may karamay”.,3
"""Masarap ding magluto si lola.""",3
"""Kung puro trabaho, para kang bilanggo, di mo nasusunod ang gusto ng puso,"" sabi ni Tipaklong na pabiro-biro.",3
"""Ang sarap,"" sabi ni Pikpakbum.",3
“Masaya ako na makipagkwentuhan sa inyo.”,3
"“Maraming salamat,” ang tugon ni Pepe.",3
"""“Tama!” masayang tugon ng dalawang aso.""",3
"Lagi kaming may reunion at lagi rin kaming masaya.""",3
"""Ang saya ng aming weekend dahil umikot kami sa buong Singapore.""",3
“Ang bawat buto na isinasantabi ko sa lupa ay parang buhay na pasasalamat sa mga taong tumulong sa akin.”,3
"“Nakikita ko ang kinabukasan, anak,” sabi ni Elias.",3
Ngingitian ko na lang ang nagdaan habang tinitingnan ang hinaharap.,3
“Napakabuti mong ehemplo.”,3
Ngunit sinira ng malakas na bagyo ang kanilang mga bahay sa tabing-dagat.,4
Pagod na ako sa ganitong buhay. Hindi tuloy tayo magkaanak.,4
Ngunit biglang dumating ang tagtuyot.,4
"Matagal na hindi umulan, at natuyo ang lupa.",4
"Namatay ang mga halaman at punongkahoy, at nawala ang mga hayop at ibon.",4
Namatay ang mga isda sa natuyong batis.,4
Ngunit wala pa rin siyang makitang pagkain.,4
"""Pero minsan pwede rin na hindi masaya.""",4
"""Si Lily ay bata pa kaya’t hindi pa niya lubos na nauunawaan ito ngunit siya’y malungkot din sapagkat malungkot si Ate.""",4
"Si Onyok, ang bunsong manok, Ang bukod tanging nagmumukmok.",4
"Ubo, ubo lang ang tunog Na kaya niyang ibuga.",4
Nagtampo na ba ang kaniyang mga ngiti?,4
"""Ako'y hiyang-hiya,"" sabi ni Tipaklong.",4
Hindi malimot ng Prinsipe si Maria.,4
Niyakap siya ng dalawa habang patuloy pa rin siya sa pag-iyak.,4
Walang nagawa si Senyang Kusinera kundi pulutin ang mga pagkain sa sahig.,4
Sayang naman ito. ,4
"Ganoon daw talaga ang giyera - malakas makaubos ng lakas, makapagod ng isip at makalaspag ng kaluluwa.",4
Nasalanta ang buong bayan ng Tierra Verde at halos walang nakaligtas.”,4
"Libu-libo na rito ang namatay, sinira ng daga o hindi nakaligtas sa bugso ng kalikasan.",4
"""Noong tumanda na sina Brownie at Muning, unti-unti silang nanghina at pumanaw.""",4
"""Nauna si Brownie, na hinimlay ni Melo sa lilim ng puno ng mangga.""",4
"""Hindi nagtagal, sumunod na si Muning, na inilibing ni Lucing sa ilalim ng mga bulaklak ng zinnia na hilig niyang gawing palaruan.""",4
"""Sa lubhang lungkot nina Melo at Lucing, parang nawalan ng kulay ang mga hardin.""",4
"""At bago muling pumasok ng bahay, malungkot niyang napansing nanilaw na ang mga pipinong pinagkakaingatan ni Melo.""",4
"""“Hindi ko na rin po ba pwedeng ayusin ang mahabang buhok ng kaibigan kong si Julie?” malungkot na sagot ng bata.""",4
"""Pero akó’y nalungkot dahil umalis na rin ang aking naging kaibigang Hapón.""",4
"""Labis lámang ang aking panghihinayang, sumakabilang-búhay nang maaga ang aking Izumi,” huminang muli ang boses ni Lolo.""",4
"Patawarin mo nawa ako, aking reynang walang korona.”""",4
"""Maghapon lang siyang nakatanghod sa bintana, tahimik na umaasang makapaglalaro muli sa labas.""",4
"""Pinagod niya nang husto ang kaniyang sarili, hanggang isang araw ay tinakasan na siya ng hininga, at hindi na niya ito muling nahabol pa.""",4
"""Pumanaw ang kabiyak ng haciendero noong tag-araw ng ika-anim na taon ng kanilang pagsasama, at naulila ang kanilang munting supling na si Francisco.""",4
"""Mahina ang kaniyang katawan at sakitin, bagamat taglay niya ang ngiti at sigla ng kaniyang ina.""",4
"""Madali siyang mapagod at hindi niya kayang magbabad sa labas ng bahay sa buong maghapon.""",4
"""Ang kaniyang katawan, na mahina na noonpaman, ay nauubusan na ng sigla.""",4
"""Tila tinatakasan lagi ng kulay ang mukha niya, at napapadalas na rin ang pagsisikip ng kaniyang hininga para ipagwalang-bahala pa.""",4
"Kaya mas malas ako kaysa iyo.""",4
"""Waaa!"" biglang iyak ng bulate.",4
"""Bakit ka umiiyak, kaibigan?"" tanong kay Putot ng nagdaraang bulate.",4
Inggit na inggit siya sa mahabang buntot ng iba at ikinahihiya naman ang buntot niya.,4
Awang-awa si Pilandok sa taumbayan,4
Nalanta ang mga dahon at nabulok ang puno nito.,4
Malungkot na malungkot si Matsing.,4
"""Hu! Hu! Hu!"" iyak ni Matsing.",4
habang si Maria ay itinatratong parang alila.,4
Isang kawawang dalaga si Maria.,4
Bata pa siya nang mamatay ang kaniyang ina.,4
Umiiyak si Maria nang marinig niya ang isang matamis na tinig.,4
"Sa tindi ng lungkot, iniutos ng Prinsipe na hanapin ang may-ari ng kabiyak na sapatos.",4
Umiiyak si Maria nang marinig niya ang isang matamis na tinig.,4
Wala ng pera si Donillo.,4
"Kailangan ni Jelina ng gamot,"" malungkot na sabi ng lalaki.",4
Isang araw ay nagkasakit si Jelina.,4
Ang sakit niya ay tumagal at lumubha hanggang naubos ang ipon nila sa pagpapagamot.,4
"Ngunit naisip niya, bakit parang may kulang?",4
Umiyak ako nang umiyak kay Nanay.,4
Kawawang Beybi Dan! Umupo siya at parang maiiyak na!,4
"""Akala naman ni Onyok, Parati siyang pinagtatawanan Ng mga kapwa-manok.""",4
“Bakit ka mag-isa ngayon?”,4
"“Sinuway ko ang utos ni Inay,” malungkot na sagot ni Chonggi.",4
"Sa tindi ng lungkot, iniutos ng Prinsipe na hanapin ang may-ari ng kabiyak na sapatos.",4
"""“Pero minsan pwede rin na hindi masaya.""",4
"""Isa-isang namamatay ang mga alagang hayop ni Filix at inilibing sila sa lupa kung saan naroon ang mga halaman ng kaniyang nanay na si Aling Bea.""",4
"""Noong namatay na ang lahat ng mga alaga niyang hayop, malapit nang umiyak si Filix.""",4
"""Nalungkot ako sa nangyari sa kanya."" ",4
"""Sa bahay, nakita ko ang larawan namin ni Lala at naiyak ako sa nangyari sa kanya.""",4
"""Sayang..."" bulong niya.",4
"Akala ko nilimot mo na ako.""",4
"""At dahil nangungulila na rin si Lucing, kinumusta rin niya si Melo.""",4
"""Dahil parehong nagluluksa sa pumanaw nilang mga alaga, nakahanap sila ng karamay sa isa’t isa.""",4
Nahihirapan ako sa bigat ng aking damdamin.,4
Naiiyak ako kapag naalala ko ang mga masasakit na pangyayari.,4
Laging may lungkot sa aking puso.,4
Nahihirapan ako sa lungkot na dala ng pagkawala ng mahal sa buhay.,4
Masakit isipin na wala nang magagawa para mabawi ang nawala.,4
Ang bawat araw ay parang walang sigla.,4
Nalulungkot ako sa paglipas ng panahon na hindi ko na maibabalik.,4
Napapaluha ako sa pag-alala sa mga masasayang alaala.,4
Nahihirapan ako sa pagtanggap ng katotohanan.,4
Ang bawat araw ay parang walang liwanag.,4
Nababalot ako ng lungkot at pangungulila.,4
Hirap na hirap ako sa pagpigil ng aking luha.,4
Nagdurusa ang aking puso sa bigat ng kalungkutan.,4
Napapaisip ako kung bakit ganito ang tadhana.,4
Laging may luha sa aking mga mata.,4
Nahihirapan ako sa paglipas ng panahon na hindi kasama ang minamahal.,4
Lagi akong nakatulala sa kawalan.,4
Nasasaktan ako sa tuwing naalala ko ang mga pangako na hindi natupad.,4
Lagi akong nababalot ng lungkot kahit sa kaligayahan.,4
Naiiyak ako kapag naaalala ko ang mga pangarap na hindi natupad.,4
Napapagod na ako sa pagtatago ng aking lungkot.,4
Hindi ko kayang pigilin ang sakit na nararamdaman sa loob ng aking puso.,4
Nahihirapan ako sa pagtanggap na wala na ang minamahal.,4
Lagi akong nag-iisa sa aking kalungkutan.,4
Napapaluha ako kapag naaalala ko ang mga pinagdaanan.,4
Nababalot ako ng lungkot sa tuwing naaalala ko ang mga pangako.,4
Ang lungkot ay parang naglalakbay sa aking kalooban.,4
Nahihirapan ako sa pagtanggap na hindi na magbabalik ang dating saya.,4
Naiiyak ako kapag naaalala ko ang mga yakap at halik.,4
Masakit isipin na wala na ang mga dating tawanan.,4
Napapagod na ako sa laban sa lungkot.,4
Nahihirapan ako sa bigat ng nararamdaman.,4
Nalulungkot ako sa paglipas ng bawat araw.,4
Naiiyak ako kapag naaalala ko ang mga pinagdaanan natin.,4
Nahihirapan ako sa pagpapanggap na masaya.,4
Napapaluha ako sa tuwing naaalala ko ang mga pangako natin.,4
Nahihirapan ako sa sakit na dulot ng pagkawala mo.,4
Nasasaktan ako sa tuwing naaalala ko ang mga pangarap nating dalawa.,4
Napapagod na ako sa pagtanggap ng realidad.,4
Naiiyak ako sa bigat ng sakit na nararamdaman ko.,4
Nahihirapan ako sa pagtanggap na wala ka na.,4
Nalulungkot ako sa bawat paglipas ng oras.,4
Napapaluha ako sa tuwing naaalala ko ang mga alaala natin.,4
Nahihirapan ako sa pagpikit ng aking mga mata.,4
Napapagod na ako sa laban sa sakit ng puso.,4
Naiiyak ako kapag naaalala ko ang mga pangarap nating hindi natupad.,4
Masakit isipin na wala ka na sa aking tabi.,4
Nahihirapan akong pigilin ang luha ko.,4
Nararamdaman kong walang silbi ang lahat.,4
Nakakaramdam ako ng bigat sa puso ko.,4
Hirap akong mawalan ng pag-asa.,4
Naiiyak ako kapag naaalala ko siya.,4
Parang wala nang kulay ang mundo ko ngayon.,4
Nararamdaman kong nag-iisa ako sa mundo.,4
Ang sakit-sakit sa pakiramdam ko ngayon.,4
Gusto ko lang magtago at umiyak.,4
Ang lungkot ay bumabalot sa akin ngayon.,4
Nahihirapan akong magpatuloy nang wala siya.,4
Pakiramdam ko'y walang saysay ang lahat.,4
Nakakaramdam ako ng lungkot na hindi maipaliwanag.,4
Parang nawalan ako ng saysay sa buhay.,4
Gusto ko nang bumalik sa nakaraan.,4
Ang pagkawala niya ay sumira sa puso ko.,4
Naiiyak ako kapag naaalala ko ang mga alaala namin.,4
Napakasakit ng nararamdaman ko ngayon.,4
Nahihirapan akong ngumiti sa harap ng ibang tao.,4
Ang sakit-sakit ng pagkalungkot na ito.,4
Parang hindi ko na kayang ipagpatuloy pa.,4
Gusto ko nang lumisan at magtago.,4
Ang pagkawala niya ay nagdulot ng malalim na lungkot.,4
Nararamdaman kong nasasaktan ako nang labis.,4
Naiiyak ako tuwing naaalala ko ang mga pangako niya.,4
Hindi ko alam kung paano ko haharapin ang bukas.,4
Ang puso ko ay basag na basag.,4
Nahihirapan akong mag-move on.,4
Parang wala nang saya sa buhay ko.,4
Nararamdaman kong tila wala nang pag-asa.,4
Nais kong humilata na lang at umiyak.,4
Ang pagkawala niya ay nag-iwan ng malalim na sugat.,4
Nahihirapan akong magpakatatag.,4
Ang sakit-sakit ng nararamdaman ko.,4
Gusto ko nang sumuko.,4
Parang wala nang liwanag sa dulo ng tunnel.,4
Naiiyak ako kapag naaalala ko ang mga pangarap namin.,4
Nararamdaman kong parang nag-iisa ako sa mundo.,4
Ang lungkot ay bumabalot sa akin nang labis.,4
Nahihirapan akong magtiwala muli.,4
Ang puso ko ay puno ng lungkot.,4
Napakahirap mag-isa.,4
Gusto ko nang bumalik sa panahon na masaya kami.,4
Ang pagkawala niya ay parang pumutol sa akin ng kalahati.,4
Nararamdaman kong hindi ko kaya ang lungkot na ito.,4
Naiiyak ako sa tuwing mag-isa ako.,4
Hirap akong tanggapin na wala na siya.,4
Parang nawalan ako ng saysay sa buhay ko.,4
Nahihirapan akong mag-move forward nang wala siya.,4
Nakakalungkot isipin na wala na siya sa tabi ko.,4
Ang lungkot ay sumisiksik sa aking puso.,4
Naiiyak ako kapag naalala ko ang kanyang mga ngiti.,4
Nakakaramdam ako ng lungkot tuwing nakikita ko ang kanyang larawan.,4
Nasasaktan ako sa tuwing naaalala ko ang mga magagandang alaala namin.,4
Napapaluha ako kapag naalala ko ang mga pangako niya.,4
Nakakalungkot ang pag-iisa ko ngayong wala siya.,4
Ang buhay ay tila walang kulay nang mawala siya.,4
Nais kong balikan ang mga masasayang sandali namin.,4
Nakakaramdam ako ng lungkot sa tuwing bumabalik sa akin ang mga sakit na naranasan namin.,4
Ang pagkawala niya ay nagdulot ng malalim na lungkot sa akin.,4
Nais kong yakapin siya at hindi na pakawalan pa.,4
Nasasaktan ako kapag naalala ko ang mga pangarap na hindi na natin natupad.,4
Naiiyak ako kapag naaalala ko ang mga pangako na hindi niya natupad.,4
Ang lungkot ay bumabalot sa akin tuwing natatapos ang araw.,4
Nakakalungkot ang pag-iisa ko sa tuwing gabi.,4
Nagiging mabigat ang puso ko kapag naalala ko ang mga pagkukulang ko.,4
Nasasaktan ako sa bawat alaala na bumabalik sa akin.,4
Naiiyak ako kapag naaalala ko ang mga salitang hindi naiparating.,4
Nakakalungkot ang bawat pag-ibig na hindi nagtagal.,4
Ang lungkot ay bumabalot sa akin tuwing umaga.,4
Napapaluha ako sa tuwing naiisip ko ang kanyang pangalan.,4
Nakakaramdam ako ng lungkot sa tuwing bumabalik sa akin ang mga pangako niya.,4
Ang pagkawala niya ay nagdulot ng malalim na sugat sa akin.,4
Nais kong balikan ang mga sandaling puno ng ligaya.,4
Nakakaramdam ako ng lungkot sa tuwing naaalala ko ang mga pangarap na hindi na natin natupad.,4
Nais kong sumigaw at ipahayag ang sakit na nararamdaman ko.,4
Nasasaktan ako sa tuwing naaalala ko ang mga yakap at halik niya.,4
Ang lungkot ay tila hindi na mawawala sa aking puso.,4
Nakakalungkot isipin na wala na siya sa tabi ko.,4
Nalulungkot ako kapag iniwan ako ng mga kaibigan ko.,4
Mahirap pigilin ang luha kapag naalala ko ang mga masasayang alaala.,4
Nakakalungkot isipin na hindi mo na makakasama ang mga mahal mo sa buhay.,4
Nasasaktan ako kapag naririnig ko ang mga kwento ng pagkawala ng mga mahal sa buhay.,4
"Boses ba ang masahol pa Sa may kalawang na palakol?""",5
Eeeeek! Palaka!,5
Sumuka siya nang sumuka hanggang maubos ang tubig sa kaniyang tiyan.,5
"Sa halip na ginto, puro dumi at tae ng manok ang silid.",5
Natae pa ang manok sa kamay ng datu.,5
"""Masamang kainin ang karneng iyon dahil bulok na at may lason pa sa daga,"" sabi ng matadero.",5
"""Aruy ko po! Ang sakit ng tyan ko!"" sabi ni Pikpakbum.",5
Diniinan niya ito sa tiyan hanggang magsuka nang magsuka.,5
Napakaraming nagkalat na mabahong basura sa labas.,5
Nainis si Maria nang makita ang maraming kalat sa kanyang silid,5
Nandidiri si Franz sa amoy ng bagoong.,5
Si Juan ay napapailing nang makakita ng maruming kalsada.,5
Hindi nagustuhan ni Marco ang lasa ng kakaibang prutas na kanyang tinikman.,5
Hindi gusto ni Mia ang amoy ng mantsa sa kanyang paboritong damit.,5
Si Princess Lala ay nandidiri sa kanyang kinakain na gulay.,5
Sinaway ni Clara ang kanyang kaibigan dahil sa kanyang maduming sapatos.,5
Sobrang pangit ng amoy ng basurang tinapon ni Kyla sa kanilang bakuran.,5
Nakakasuka ang amoy ng kinainang durian ni Benjie.,5
Sa daanan dumudumi ang mga asong walang may ari.,5
Nasuka si Alyana sa amoy na nanggagaling sa kanal.,5
Si Tommy ay nandidiri sa amoy ng kanyang kapatid na naglalaro sa labas.,5
Napakaraming ipis ang nag liliparan sa kusina.,5
Si Princess ay nandidiri sa dumikit na kendi sa kanyang damit.,5
"""Eww! Ano ito?"" bulong ni Kiko nang madama ang malambot at malagkit na kumot.",5
Hindi kayang tapusin ni Ningning ang pagkain na amoy gulay na niluto ni Nanay.,5
"""Yak! Ang daya ng amoy ng bulaklak na ito,"" sabi ni Lily na kumukunot ang noo.",5
Si Kring-Kring ay kumunot ang noo nang matagpuan ang natunaw na sorbetes sa bulsa.,5
"""Kadiri naman itong kinain ko, sobrang maalat!"" reklamo ni Matsing.",5
"""Eeeww! Ang dilim-dilim ng kutsinta na ito,"" wika ni Gigi.",5
"""Uy, hindi masarap itong spaghetti, amoy kakaibang sangkap,"" reklamo ni Kyla.",5
"""Hindi ko gusto ang amoy ng lotion na ito, parang bulok na prutas,"" wika ni Janna.",5
"""Yuck! Ano itong amoy ng paborito kong pagkain? Parang may nagbago,"" bulong ni Bea.",5
"""Hindi ko kayang tikman ang ampalaya, amoy pait,"" sabi ni Raffy.",5
"""Kadiri ng lasa ng bagong lutong na tinapay, parang alikabok,"" bulong ni Enzo.",5
"""Ano itong kakaibang lasa ng ice cream na ito?"" tanong ni Pipay.",5
Ayaw niya mangamoy araw.,5
Si Dodong ay kumunot ang noo nang makita ang kulay kulay na gulay sa kanyang plato.,5
"""Hindi ko gusto ang amoy ng gatas na ito, parang may katiting na maasim,"" sabi ni Becca.",5
Si Jenny ay napakamot sa ilong nang maramdaman ang putok ng kanyang kapatid.,5
"""Ano ito, amoy itlog na may amag?"" tanong ni Lino.",5
Si Cheche ay napakamot sa ulo nang makatikim ng sobrang maasim na manggang hilaw.,5
"""Kadiri ang lasa ng ampalaya!""",5
"""Eww! Ang baho ng basura!""",5
"""Yuck! Ang dumikit na kendi sa sahig!""",5
"""Kadiri! Huwag mong gawin 'yan!""",5
"""Grabe, ang dumi ng inidoro!""",5
"""Ay, kadiri! May uod sa itlog!""",5
"""Blech, may kuto 'yung alaga kong pusa!""",5
"""Ang lansa ng amoy!""",5
"""Kadiri, may lumabas na sipon sa ilong ni Ate.""",5
"""Yak, natapakan ko 'yung tae ng aso.""",5
Ang iyong masamang asal ay nakakadiri.,5
Hindi ko kayang tiisin ang iyong nakakasulasok na ugali.,5
Nakakadiri ang iyong walang pakundangang pang-aapi sa iba.,5
Ang iyong pagmumura ay nakakawalang-ganang pakinggan.,5
Nakakadiri ang iyong pagiging mapanira sa ibang tao.,5
Hindi ko matanggap ang iyong nakakasulasok na halakhak.,5
Ang iyong mga pangako na hindi mo natutupad ay nakakapanghinayang.,5
Ang iyong pagiging madamot at sakim ay nakakawalang-ganang tignan.,5
Hindi ko kayang tiisin ang iyong pang-aapi sa mga inosenteng tao.,5
Nakakadiri ang iyong kawalan ng respeto sa kapwa.,5
Ang iyong pang-aabuso sa kapangyarihan ay nakakadiri.,5
Nakakawalang-ganang makarinig ng mga kasinungalingan mula sa iyong bibig.,5
Ang iyong sobrang yabang ay nakakasuya.,5
Hindi ko matanggap ang iyong paggamit sa iba para sa iyong sariling kapakinabangan.,5
Ang iyong pagmamaliit sa iba ay nakakadiri.,5
Nakakadiri ang iyong kawalan ng pagsunod sa batas at tuntunin.,5
Ang iyong kasakiman at pagiging makasarili ay nakakawalang-gana.,5
Hindi ko kayang tiisin ang iyong sobrang kakulangan ng kahinahunan.,5
Nakakadiri ang iyong pagiging plastik at mapanlinlang.,5
Ang iyong pagmamahayag ng galit at poot ay nakakatakot.,5
Hindi ko kayang tiisin ang iyong pagiging mapanakit sa ibang tao.,5
Nakakadiri ang iyong mga pangako na walang kasiguraduhan.,5
Ang iyong pang-aaway at paninira ay nakakapanghinayang.,5
Hindi ko matanggap ang iyong kakulangan ng pagpapahalaga sa dignidad ng iba.,5
Nakakasulasok ang iyong sobrang kawalan ng kalinisan.,5
Ang iyong pagiging malisyoso at mapanakit ay nakakadiri.,5
Nakakasuka ang iyong mga pag-uugali na nagdadala ng pangit na imahe sa iyong sarili.,5
Ang iyong pang-aapi sa mga mahihina at inosente ay nakakapanghinayang.,5
Hindi ko kayang tiisin ang iyong pagmamalupit sa hayop.,5
Nakakadiri ang iyong pang-aagaw ng pagkain mula sa mga nangangailangan.,5
Ang iyong sobrang kapritso at pagiging mahirap kausap ay nakakapikon.,5
Nakakadiri ang iyong pagsisinungaling na walang kapantay.,5
Hindi ko matanggap ang iyong kawalan ng pagpapahalaga sa kalusugan ng iba.,5
Nakakadiri ang iyong pagiging tamad at walang ambisyon.,5
Ang iyong pang-aapi sa mga bata ay nakakabahala.,5
Hindi ko kayang tiisin ang iyong pang-aagaw ng kita ng iba.,5
Nakakasulasok ang iyong kawalan ng pag-asa sa sarili.,5
Ang iyong sobrang pagiging maingay at walang respeto sa kapayapaan ay nakakainis.,5
Nakakadiri ang iyong pang-aabuso sa kapangyarihan at impluwensya.,5
Hindi ko matanggap ang iyong kawalan ng empatiya sa iba.,5
Nakakasuka ang iyong pang-aakit at panloloko sa ibang tao.,5
Ang iyong sobrang pagmamaliit sa sarili at sa iba ay nakakasulasok.,5
Hindi ko kayang tiisin ang iyong sobrang kasakiman at kapritso.,5
Nakakadiri ang iyong pang-aapi sa mga walang kalaban-laban.,5
Ang iyong pang-aagaw ng oportunidad at tagumpay ng iba ay nakakainis.,5
Nakakadiri ang iyong kakulangan ng pagpapahalaga sa kalikasan.,5
Hindi ko matanggap ang iyong pang-aagrabyado sa mga maralita.,5
Nakakasulasok ang iyong pang-aapi sa mga may kapansanan.,5
Ang iyong sobrang pagiging reklamador at walang pasensya ay nakakapikon.,5
Nakakadiri ang iyong sobrang kawalan ng utang na loob sa mga taong tumulong sa iyo.,5
"""Ay Matsing, kayhina mo talaga!",5
Gusto sana namin siyang isakay kaya lang mukha siyang malansa.,5
"""Bakit kasi isinilang pa ako? Paano akong naging manok Ay puro naman ungol?""",5
Ayaw ko sa amoy ng basura sa kalsada.,5
Kadiri ang lasa ng expired na pagkain.,5
Nakakasuka ang tingin sa maruming banyo.,5
Nandidiri ako sa mga insekto sa basurahan.,5
Kadiri ang amoy ng bulok na itlog.,5
Nakakadiri ang pagtapon ng dumi sa kalsada.,5
Ayaw ko sa lasa ng mapait na gamot.,5
Kadiri ang tingin sa mga uod sa basura.,5
Nandidiri ako sa pagkain ng sobrang maasim.,5
Ayaw ko sa amoy ng mabaho sa palengke.,5
Nakakadiri ang katas ng bulok na prutas.,5
Kadiri ang tingin sa mga surot sa kama.,5
Nakakadiri ang amoy ng matagal nang hindi nalilinis na inidoro.,5
Nandidiri ako sa mga lumot sa ilalim ng tubig.,5
Kadiri ang pagkain ng malalansa at matigas na pagkain.,5
Nakakadiri ang amoy ng mabahong paa.,5
Ayaw ko sa lasa ng sobrang alat na pagkain.,5
Nandidiri ako sa amoy ng bulok na gulay.,5
Kadiri ang tingin sa mga naglipanang langaw sa basura.,5
Ayaw ko sa amoy ng kulob na silong ng bahay.,5
Nakakasuka ang lasa ng sobrang maasim na prutas.,5
Kadiri ang amoy ng hindi nalilinis na plato.,5
Nandidiri ako sa mga natutuyong dumi sa kalsada.,5
Kadiri ang lasa ng bulok na karne.,5
Nakakadiri ang amoy ng matagal nang hindi nalilinis na kusina.,5
Ayaw ko sa amoy ng mabahong basura.,5
Nandidiri ako sa mga ipis na lumilipad sa loob ng bahay.,5
Kadiri ang tingin sa mga natuyong tae ng aso sa kalsada.,5
Ayaw ko sa lasa ng sobrang alat na isda.,5
Nakakadiri ang amoy ng mabahong mantika.,5
Kadiri ang amoy ng bulok na itlog sa loob ng bahay.,5
Nakakadiri ang lasa ng bulok na gulay.,5
Nandidiri ako sa mga kuto sa ulo.,5
Ayaw ko sa amoy ng kulob na sapatos.,5
Nakakasuka ang lasa ng sobrang maasim na sawsawan.,5
Kadiri ang tingin sa mga tae ng aso sa kalsada.,5
Ayaw ko sa amoy ng bulok na isda sa palengke.,5
Nakakadiri ang lasa ng matamis na pagkaing may amag.,5
Nandidiri ako sa mga nagkalat na basura sa ilog.,5
Kadiri ang amoy ng bulok na itlog sa ref.,5
Nakakadiri ang lasa ng pagkain na may lumot.,5
Ayaw ko sa amoy ng mabaho sa loob ng jeepney.,5
Nandidiri ako sa mga bulbol ng aso sa sofa.,5
Kadiri ang amoy ng bulok na karne sa tindahan.,5
Nakakadiri ang lasa ng pagkain na kinakain ng ipis.,5
Ayaw ko sa amoy ng bulok na sardinas.,5
Nakakadiri ang lasa ng sobrang alat na tsitsirya.,5
Nandidiri ako sa mga natuyong laway sa sahig.,5
Nandidiri ako sa mga bulok na itlog na amoy ay masangsang.,5
Nakakadiri ang mga lumot na lumalangoy sa tubig na inumin.,5
Kadiri ang mga ipis na nagpapakalat sa sulok-sulok ng bahay.,5
Nakakadiri ang mga duming nagkalat sa kalsada.,5
Nandidiri ako sa mga taong walang pakundangang dumudura sa kalsada.,5
Kadiri ang amoy ng mga public restroom na hindi nalilinis.,5
Nakakadiri ang tumambay sa mga maruming lugar.,5
Nandidiri ako sa mga pagkain na puno ng langgam.,5
Kadiri ang mga tirang pagkain na hindi na tinatapon.,5
Nakakadiri ang mga taong hindi marunong mag-alaga ng kanilang alaga.,5
Nandidiri ako sa mga taong walang kahihiyang nagpapakalat ng basura.,5
Kadiri ang pakiramdam kapag nakakakita ako ng mga alagang hayop na lugmok sa dumi.,5
Nakakadiri ang pagtambay sa mga lugar na mabaho.,5
Nandidiri ako sa mga taong hindi marunong mag-toothbrush.,5
Kadiri ang mga taong hindi marunong maglinis ng kanilang katawan.,5
Nakakadiri ang amoy ng mga bagay na nabubulok.,5
Nandidiri ako sa mga taong nagpapakalat ng kanilang natitirang pagkain sa opisina.,5
Kadiri ang lasa ng mga pagkain na sobrang alat.,5
Nakakadiri ang mga duming nagkalat sa tabi-tabi ng daan.,5
Nandidiri ako sa mga taong nagtatapon ng basura kahit saan.,5
Kadiri ang mga pagkain na may mga buhok.,5
Nakakadiri ang mga taong walang respeto sa kalikasan.,5
Nandidiri ako sa mga banyo na hindi nalilinis.,5
Kadiri ang amoy ng mga paslit na hindi naliligo.,5
Nakakadiri ang mga taong hindi naglilinis ng kanilang mga kuko.,5
Nandidiri ako sa mga taong hindi marunong magdisposa ng kanilang basura nang tama.,5
Kadiri ang pakiramdam kapag nahahawakan ko ang mga bagay na marumi.,5
Nakakadiri ang mga taong hindi marunong magtapon ng tamang basura sa tamang lugar.,5
Nandidiri ako sa mga taong hindi marunong magtapon ng kanilang balat ng prutas sa tamang basurahan.,5
Kadiri ang mga taong nagpapakalat ng dumi sa mga pampublikong lugar.,5
Nakakadiri ang amoy ng mga taong hindi naliligo ng matagal.,5
Nandidiri ako sa mga taong nagtatae kahit saan.,5
Kadiri ang lasa ng mga pagkain na sobrang maasim.,5
Nakakadiri ang mga taong hindi marunong maghugas ng kanilang mga kamay pagkatapos kumain.,5
Nandidiri ako sa mga taong walang pakundangang naglalagay ng kati sa publiko.,5
Kadiri ang mga taong hindi marunong mag-alaga ng kanilang mga ngipin.,5
Nakakadiri ang amoy ng mga paninda sa palengke na hindi nalilinis.,5
Nandidiri ako sa mga taong nagtatapon ng basura mula sa sasakyan.,5
Kadiri ang mga bagay na puno ng kalawang.,5
Nakakadiri ang mga banyo na puno ng tae.,5
Nandidiri ako sa mga taong hindi marunong mag-linis ng sarili matapos maglaro sa putikan.,5
Kadiri ang amoy ng mga lugar na matagal nang hindi nililinis.,5
Nakakadiri ang amoy ng basurang hindi naitapon.,5
Nandidiri ako sa mga insekto na gumagapang sa kusina.,5
Kadiri ang lasa ng pagkain na lumang-luma na.,5
Natuturn-off ako sa mga taong hindi marunong maglinis ng sarili.,5
Nakakadiri ang hitsura ng kinakain ng mga aso sa kalsada.,5
Kadiri ang pakiramdam kapag nadadamay ako sa maruming usapan.,5
Nawala na si Kanan sa tabi ko! ,6
"Mali pala ako, si Kanan pala ang kaniyang paborito.",6
Nawala na si Kaliwa sa tabi ko!,6
"Nandito lang pala 'yung isang tsinelas mo, iho!",6
"“Wow, pwede ko ba siyang hawakan?” tanong ni Anna.",6
"“Wow! Kapag nakabili ka na, pwede ko bang hawakan?”",6
Yikes!,6
Isang bubwit!,6
"Bigla, tumakbo ang bubwit sa pasilyo at pababa sa bodega ng alak. Tignan ninyo!",6
"""Habang naghahanap, biglang may narinig akong kahol."" ",6
"""Habang naglalaro, narinig namin ni Lala ang sigaw ng isang lalaki sa playground."" ",6
"""“Merong space ship sa bahay ninyo?” gulat na tanong ni Iya.""",6
"""Ang sorpresa naman ng tatay ni Filix ay isang isda na kulay asul.""",6
Nagulat si Mia sa handog sa kaniya.,6
Gulat na gulat si Donillo nang makita ang pares ng sapatos.,6
"""Paano nangyari ito?"" sabi niya habang sinusuri ang sapatos.",6
Nagising ang lahat at nagulat sa lakas ng ugong at siklab.,6
"Pag-ikot sa buwan, nagulat si Daginding; biglang lumiliwanag, biglang dumidilim.",6
Hinabol siya ng nagtatakang Prinsipe ngunit nawala sa dilim si Maria.,6
Nagulat ang mga tao pagpasok ni Maria.,6
"""Oo nga ano?!"" sabi ni Matsing at nag-isip.",6
Ngunit tinapik ni Pilandok ang manok at lumabas ang isang butil ng ginto!,6
Nanlaki ang mata ng sakim na datu.,6
Lumabas uli ang isang butil ng ginto!,6
Ayaw sanang maniwala ng Datu pero dahil hindi nalunod si Pilandok ay naniwala na rin siya.,6
Lalong nanlaki ang mga mata ng Datu sa sinabi ni Pilandok.,6
Nanlaki nang husto ang mga mata ng Datu.,6
"Wow, talaga po! Nanay, may sorpresa para sa amin si Ate Arya bukas! ",6
"""Nanlaki ang mga mata ni Mutya!""",6
"""Bago matulog, iniisip ni Mutya ang sorpresang inihanda ni Ate Arya para sa kanila kinabukasan.""",6
"""Sinurpresa siya ng kaniyang tatay na si Mang Nards.""",6
"""Pagkatapos naman ng ilang buwan, sinurpresa ulit si Filix ng kaniyang tatay.""",6
"""Pagkalipas muli ng ilang araw, sinurpresa na naman si Filix ng kaniyang tatay ng isa pang isda na pula.""",6
"""Noong Abril 15, 2018 sinupresa ako ng aking mga magulang sa pagpunta namin sa Hong Kong.""",6
"""“Wow! Thank you lola sa pasalubong! ",6
Biglang nakabihis na si Maria at isang karwaheng hila ng mga puting kabayo ang naghihintay sa kaniyang sumakay.,6
Bigla ay may naramdaman siyang kakaiba sa kanyang sarili. ,6
Ngunit biglang dumating ang tagtuyot.,6
"""Iginitgit niya pa ang ilong sa salamin, nang biglang may bali-balikong brasong sumuntok palabas ng bintana at sinapok siya sa mukha!""",6
"""KABOG! Bumagsak ang mga pader na nakapaligid sa lihim na hardin.""",6
"""Ang mahal kong aklatan, nasunog!""",6
"""Biglang-bigla, hindi na kami puwedeng pumasok sa eskuwelahan!""",6
"""Sandali, naalala kong bigla si Luis, na aking kasáma at naging kaibigan sa matagal na panahon.""",6
"""Biglang-bigla, hindi na kami puwedeng maglaro.""",6
"""Pero nakamamatay palá ang ipot ng mga ibong iyon, sumasabog!""",6
"""Aruy ko po! Ang sakit ng tyan ko!"" sabi ni Pikpakbum.",6
"Pero walang ano-ano, may biglang kumagat sa kaniyang buntot!",6
Hinimatay sa gulat ang masungit na si Tiya Justa.,6
"Nagulat si Mila nang nakita niya ang kanyang nanay.""",6
Umiiyak si Maria nang marinig niya ang isang matamis na tinig.,6
Laking gulat ko nang makita kong wala pa si Nanay sa bangko!,6
"Di kailangan ng gasolina, konting tulak lang--aandar na!",6
Makulay ang upuan nito at kumikinang--ang gara!,6
"Minsan, sasakay lang kaming dalawa sa madyik silya at bigla itong nagiging kotse.",6
"“Ah! Ako, tinutulungan ko rin sina Inay at Itay sa pagwawalis ng bahay namin.”",6
"""Pagkalipas muli ng ilang araw, sinurpresa na naman si Filix ng kaniyang tatay ng isa pang isda na pula.""",6
"""Pagkalipas muli ng ilang araw, sinurpresa na naman si Filix ng kaniyang tatay ng isa pang isda na pula.""",6
"""Isang araw habang si Filix ay nasa bahay nila, sinurpresa siya ng kaniyang tatay na si Mang Nards.""",6
"Pagkatapos noon, nagkuhanan ng litrato ang mga opisyal, namalikmata sa likas na kagandahan ng gubat.",6
"Dumadaloy na uli ang natuyong bukal, at pati ang ilog ay muling nagkabuhay!",6
Napakagulat ko nang bigla kang dumating.,6
Hindi ko inaasahang makita ka rito ngayon.,6
Ang labis na gulat ang nararamdaman ko sa iyong pagdating.,6
Nakakagulat ang biglang pagbabago ng iyong hitsura.,6
Sobrang gulat ko sa balitang iyong ibinahagi.,6
Napakalaking gulat ko nang biglang magparamdam ka.,6
Nakakagulat ang iyong biglang pagsalita.,6
Hindi ko inaasahan na ikaw ay nandito ngayon.,6
Ang gulat ko'y hindi mo maipagkakaila.,6
Nakakagulat ang iyong mga salita.,6
Hindi ko akalain na darating ka ngayon.,6
Ang labis na gulat ang bumalot sa akin.,6
Napakalaking pagtataka ko sa iyong pagdating.,6
Hindi ko inakalang magkikita pa tayo ngayon.,6
Nakakagulat ang iyong mabilis na paglapit.,6
Ang labis na gulat ang bumalot sa akin.,6
Hindi ko inaasahang magtatagpo tayo dito.,6
Napakalaking pagtataka ang aking naramdaman.,6
Ang gulat ko'y halos hindi ko maipinta.,6
Nakakagulat ang iyong biglang paglabas.,6
Hindi ko inaasahan na ikaw ay darating.,6
Ang labis na pagtataka ang aking nadama.,6
Nakakagulat ang iyong mabilis na pagtugon.,6
Hindi ko inakalang magtatagpo pa tayo dito.,6
Ang gulat ko'y hindi mo maipagkakaila.,6
Napakalaking gulat ang aking naramdaman.,6
Hindi ko inaasahang magiging ganito ka agad.,6
Nakakagulat ang iyong biglang pag-appear.,6
Ang labis na pagtataka ang bumalot sa akin.,6
Napakalaking gulat ko nang biglang dumating ka.,6
Hindi ko inakalang magkakasalubong pa tayo.,6
Nakakagulat ang iyong biglang pag-apak.,6
Ang gulat ko'y halos hindi ko maipaliwanag.,6
Hindi ko inaasahang magpapakita ka pa.,6
Ang labis na pagtataka ang aking nadama.,6
Nakakagulat ang iyong mabilis na pagdating.,6
Hindi ko inakalang magtatagpo pa tayo rito.,6
Ang gulat ko'y hindi ko maipinta.,6
Napakalaking gulat ko nang bigla kang dumating.,6
Hindi ko inaasahang magkakasalubong pa tayo dito.,6
Nakakagulat ang iyong biglang paglapit.,6
Ang labis na pagtataka ang aking nadama.,6
Napakalaking gulat ang aking naramdaman.,6
Hindi ko inaasahang magiging ganito ka agad.,6
Nakakagulat ang iyong mabilis na pagtugon.,6
Ang gulat ko'y halos hindi ko maipaliwanag.,6
Napakagulat ko nang biglang lumitaw ang multo sa harap ko.,6
Napabigla ako nang makita ko ang pagbabago sa itsura ng lugar.,6
Nagulat ako nang biglang sumabog ang bomba sa malapit na lugar.,6
Nabigla ako nang biglang magbukas ang pinto nang walang tao sa loob ng bahay.,6
Napakagulat ko nang biglang bumagsak ang malaking puno sa tapat ng bahay namin.,6
Nabigla ako nang biglang dumating ang mga bisita nang hindi ko inaasahan.,6
Nagulat ako nang biglang magdilim nang sobra sa kalagitnaan ng tanghali.,6
Napakagulat ko nang biglang may lumabas na ahas mula sa damuhan.,6
Nabigla ako nang biglang mawala ang kuryente nang walang paunang abiso.,6
Napabigla ako nang biglang tumunog ang alarma sa gitna ng gabi.,6
Nagulat ako nang biglang magbago ang desisyon ng aking boss sa huling sandali.,6
Napakagulat ko nang biglang magdilim nang sobra habang naglalakad ako sa kalsada.,6
Nabigla ako nang biglang sumigaw ang kaibigan ko sa gitna ng eksperimento.,6
Nagulat ako nang biglang bumagsak ang lata ng sardinas mula sa aparador.,6
Napabigla ako nang biglang may dumating na UFO sa kalangitan.,6
Napakagulat ko nang biglang sumigaw ang kapitbahay namin sa madaling-araw.,6
Nabigla ako nang biglang sumakit ang tiyan ko habang kumakain.,6
Nagulat ako nang biglang may sumulpot na multo sa litrato na kinukunan ko.,6
Napabigla ako nang biglang magtagilid ang sasakyan sa sobrang bilis.,6
Napakagulat ko nang biglang mawala ang isang mahalagang dokumento.,6
Nagulat ako nang biglang magparamdam ang patay sa panaginip ko.,6
Nabigla ako nang biglang magliyab ang kandila nang walang hangin.,6
Napakagulat ko nang biglang mag-iba ang kulay ng langit nang sobrang bilis.,6
Nagulat ako nang biglang magbukas ang ilaw nang walang taong gumagalaw.,6
Napabigla ako nang biglang magdilim ang paligid sa kalagitnaan ng araw.,6
Nabigla ako nang biglang bumigay ang upuan habang ako'y nakaupo.,6
Nagulat ako nang biglang magsalita ang laruan ng aking kapatid.,6
Napakagulat ko nang biglang may lumabas na multo sa harap ng aking computer.,6
Napabigla ako nang biglang mag-ingay ang kutsilyo habang ako'y nagluluto.,6
Nagulat ako nang biglang magbago ang panahon nang sobrang bilis.,6
Nabigla ako nang biglang magtulak ang aso sa pinto nang walang dahilan.,6
Napakagulat ko nang biglang magdilim ang kalangitan sa tanghaling tapat.,6
Nagulat ako nang biglang magkasalubong kami ng dating kaibigan sa ibang lugar.,6
Napabigla ako nang biglang magliyab ang mga kandila sa libingan.,6
Nabigla ako nang biglang mawala ang bata sa pagitan ng magulang niya.,6
Napakagulat ko nang biglang magbago ang tono ng boses ng kausap ko.,6
Nagulat ako nang biglang magsimula ang lindol nang walang paunang babala.,6
Napabigla ako nang biglang magbukas ang ilaw sa kuwarto nang mag-isa ako.,6
Nabigla ako nang biglang mag-ingay ang mga kandila sa bahay namin.,6
Napakagulat ko nang biglang mag-iba ang itsura ng aking kaibigan.,6
Nagulat ako nang biglang may sumulpot na anino sa bintana.,6
Napabigla ako nang biglang magbago ang direksyon ng hangin nang sobrang bilis.,6
Nabigla ako nang biglang magtunog ang telepono sa gitna ng gabi.,6
Napakagulat ko nang biglang mag-iba ang kulay ng mata ng kausap ko.,6
Napakagulat ko nang biglang lumitaw ang multo sa harap ko.,6
Hindi ko inaasahan na dadating ka ng ganitong oras.,6
Nagulat ako nang biglang sumabog ang bomba sa kabilang kanto.,6
Sobrang gulat ko nang makita kong naglaho na ang pera sa bulsa ko.,6
Nakakagulat na biglang nagbago ang panahon ng ganito.,6
Hindi ko inakalang magsasalita ka nang ganun sa harap ng lahat.,6
Napakagulat ko nang biglang tumawag ang matagal ko nang kaibigan.,6
"Grabe, hindi ko talaga inaasahang ikaw ang mananalo sa paligsahan.",6
Napakalaki ng gulat ko nang biglang lumindol nang malakas.,6
Nagulat ako nang biglang lumitaw ang aking pangarap sa harap ko.,6
Hindi ko inakala na ikaw pala ang nakatayo sa likod ko.,6
Sobrang gulat ko nang biglang magbukas ang pintuan ng sarili nitong sikreto.,6
Napakalaking gulat ko nang biglang tumigil ang orasan sa gitna ng eksaminasyon.,6
"Grabe, hindi ko akalain na ikaw ang magiging boss ko sa bagong kompanya.",6
Nakakagulat naman talaga ang mga balita ngayon.,6
Napakagulat ko nang biglang sumabog ang mga fireworks sa harap natin.,6
Hindi ko talaga inaasahan na magiging ganito ka-swerte ang araw na ito.,6
Nagulat ako nang biglang magparamdam ang dati nating guro sa social media.,6
Sobrang gulat ko nang biglang bumagsak ang isang eroplano malapit sa amin.,6
Napakalaki ng gulat ko nang biglang lumitaw ang long-lost kong kamag-anak.,6
Hindi ko inakala na magpapakita ka ng ganitong klaseng talento.,6
Napakagulat ko nang biglang mag-propose ka sa harap ng maraming tao.,6
"Grabe, hindi ko talaga inaasahang papayag kang mag-reunite tayo.",6
"Nakakagulat talaga ang bagong hairstyle mo, hindi kita agad nakilala.",6
Napakalaking gulat ko nang biglang magbago ang desisyon ng korte.,6
Hindi ko akalain na magiging ganito kaganda ang lugar na ito.,6
Nagulat ako nang biglang mag-announce na suspended ang klase bukas.,6
Sobrang gulat ko nang biglang sumiklab ang sunog sa kalapit na building.,6
Napakagulat ko nang biglang mawala ang lahat ng laman ng bank account ko.,6
Hindi ko talaga inaasahan na makikita kita dito sa ganitong lugar.,6
Napakalaking gulat ko nang biglang magtangka kang mag-prank sa akin.,6
"Grabe, hindi ko talaga akalain na magiging bestseller ang libro mo.",6
Nakakagulat naman talaga ang mga pangyayari ngayon sa politika.,6
Napakalaking gulat ko nang biglang matanggap ang trabaho na inaapplyan ko.,6
"Hindi ko inaasahan na darating ka ng ganitong oras, akala ko busy ka.",6
Nagulat ako nang biglang lumitaw ang UFO sa kalangitan.,6
Sobrang gulat ko nang biglang magbukas ang pinto ng sasakyan habang tumatakbo.,6
Napakagulat ko nang biglang magtangka kang mag-propose sa akin.,6
"Grabe, hindi ko talaga inaasahang magiging ganito kahaba ang pila.",6
"Nakakagulat talaga ang mga pangyayaring ito, parang galing sa pelikula.",6
Napakalaki ng gulat ko nang biglang mag-desisyon ka ng ganyan.,6
Hindi ko akalain na magiging ganito ka-efficient ang bagong sistema.,6
Napakagulat ko nang biglang magpakita ang ex ko sa party.,6
Sobrang gulat ko nang biglang mag-dive ka sa malalim na dagat.,6
Nagulat ako nang biglang mag-announce ng lockdown ang gobyerno.,6
"Grabe, hindi ko talaga inaasahang magkakasama tayo ulit.",6
Nakakagulat talaga ang mga revelations sa press conference kanina.,6
Napakalaking gulat ko nang biglang mag-iba ang itsura mo.,6
"Hindi ko inakala na darating ka ng ganitong oras, akala ko may sakit ka.",6
Di ko inaasahan na magkakaroon ng ganitong sorpresa ngayong araw.,6
